{"cameraMode":{"drawMode":0,"name":"Shaded","section":"Shading Mode"},"sceneLighting":true,"audioPlay":false,"sceneViewState":{"showFog":true,"showMaterialUpdate":false,"showSkybox":true,"showFlares":true,"showImageEffects":true,"showParticleSystems":true},"in2DMode":false,"pivot":{"x":-1.0778801441192628,"y":4.224092960357666,"z":-5.507111549377441},"rotation":{"x":-0.044750671833753589,"y":0.6231676936149597,"z":-0.03575178235769272,"w":-0.7799879908561707},"size":22.265796661376954,"orthographic":false}