{"cameraMode":{"drawMode":0,"name":"Shaded","section":"Shading Mode"},"sceneLighting":true,"audioPlay":false,"sceneViewState":{"showFog":true,"showMaterialUpdate":false,"showSkybox":true,"showFlares":true,"showImageEffects":true,"showParticleSystems":true},"in2DMode":false,"pivot":{"x":-2.0746848583221437,"y":10.926417350769043,"z":-0.003368377685546875},"rotation":{"x":0.03083815984427929,"y":-0.06261691451072693,"z":0.0019353431416675449,"w":0.9975592494010925},"size":14.386054992675782,"orthographic":false}