{"cameraMode":{"drawMode":0,"name":"Shaded","section":"Shading Mode"},"sceneLighting":true,"audioPlay":false,"sceneViewState":{"showFog":true,"showMaterialUpdate":false,"showSkybox":true,"showFlares":true,"showImageEffects":true,"showParticleSystems":true},"in2DMode":false,"pivot":{"x":62.95901870727539,"y":72.62458038330078,"z":-38.97993469238281},"rotation":{"x":0.15025734901428224,"y":-0.029966387897729875,"z":0.004556782077997923,"w":0.9881821870803833},"size":4.8856096267700199,"orthographic":false}