{"cameraMode":{"drawMode":0,"name":"Shaded","section":"Shading Mode"},"sceneLighting":false,"audioPlay":false,"sceneViewState":{"showFog":true,"showMaterialUpdate":false,"showSkybox":true,"showFlares":true,"showImageEffects":true,"showParticleSystems":true},"in2DMode":false,"pivot":{"x":-0.0684814453125,"y":11.45843505859375,"z":1.17138671875},"rotation":{"x":-0.050309717655181888,"y":-0.053310345858335498,"z":0.0026990827172994615,"w":-0.997306227684021},"size":3.0780627727508547,"orthographic":true}