{"cameraMode":{"drawMode":0,"name":"Shaded","section":"Shading Mode"},"sceneLighting":true,"audioPlay":false,"sceneViewState":{"showFog":true,"showMaterialUpdate":false,"showSkybox":true,"showFlares":true,"showImageEffects":true,"showParticleSystems":true},"in2DMode":false,"pivot":{"x":108.31027221679688,"y":-165.09674072265626,"z":-46.063907623291019},"rotation":{"x":0.256901353597641,"y":0.7366761565208435,"z":-0.3821186125278473,"w":0.49527299404144289},"size":215.638427734375,"orthographic":false}