{"cameraMode":{"drawMode":0,"name":"Shaded","section":"Shading Mode"},"sceneLighting":true,"audioPlay":false,"sceneViewState":{"showFog":true,"showMaterialUpdate":false,"showSkybox":true,"showFlares":true,"showImageEffects":true,"showParticleSystems":true},"in2DMode":false,"pivot":{"x":3.9465909004211427,"y":34.71601104736328,"z":-24.26464080810547},"rotation":{"x":-0.11943215131759644,"y":0.8718287348747253,"z":-0.26339632272720339,"w":-0.39531391859054568},"size":5.288390636444092,"orthographic":false}