{"cameraMode":{"drawMode":0,"name":"Shaded","section":"Shading Mode"},"sceneLighting":true,"audioPlay":false,"sceneViewState":{"showFog":true,"showMaterialUpdate":false,"showSkybox":true,"showFlares":true,"showImageEffects":true,"showParticleSystems":true},"in2DMode":false,"pivot":{"x":-2.0660881996154787,"y":2.2044894695281984,"z":84.66498565673828},"rotation":{"x":-0.006197698414325714,"y":-0.9761652946472168,"z":0.02813130058348179,"w":-0.21510827541351319},"size":0.9478510618209839,"orthographic":false}