{"cameraMode":{"drawMode":0,"name":"Shaded","section":"Shading Mode"},"sceneLighting":true,"audioPlay":false,"sceneViewState":{"showFog":true,"showMaterialUpdate":false,"showSkybox":true,"showFlares":true,"showImageEffects":true,"showParticleSystems":true},"in2DMode":false,"pivot":{"x":40.12290954589844,"y":0.571130096912384,"z":2.0480551719665529},"rotation":{"x":0.011455662548542023,"y":-0.9813514947891235,"z":0.1816193014383316,"w":0.06190706044435501},"size":1.5511066913604737,"orthographic":false}