{"cameraMode":{"drawMode":0,"name":"Shaded","section":"Shading Mode"},"sceneLighting":true,"audioPlay":false,"sceneViewState":{"showFog":true,"showMaterialUpdate":false,"showSkybox":true,"showFlares":true,"showImageEffects":true,"showParticleSystems":true},"in2DMode":false,"pivot":{"x":-2.2350192070007326,"y":-1.0295641422271729,"z":1.769437551498413},"rotation":{"x":-0.1664893478155136,"y":0.18718096613883973,"z":-0.03220728784799576,"w":-0.9675780534744263},"size":5.063272476196289,"orthographic":false}