{"cameraMode":{"drawMode":0,"name":"Shaded","section":"Shading Mode"},"sceneLighting":true,"audioPlay":false,"sceneViewState":{"showFog":true,"showMaterialUpdate":false,"showSkybox":true,"showFlares":true,"showImageEffects":true,"showParticleSystems":true},"in2DMode":false,"pivot":{"x":4.562086582183838,"y":36.13188171386719,"z":-22.241647720336915},"rotation":{"x":-0.1963280290365219,"y":0.11062595993280411,"z":-0.02229822240769863,"w":-0.9740225672721863},"size":5.288390636444092,"orthographic":false}